{"cameraMode":{"drawMode":0,"name":"Shaded","section":"Shading Mode"},"sceneLighting":false,"audioPlay":false,"sceneViewState":{"m_AlwaysRefresh":false,"showFog":true,"showSkybox":false,"showFlares":true,"showImageEffects":true,"showParticleSystems":true,"showVisualEffectGraphs":true,"m_FxEnabled":true},"in2DMode":false,"pivot":{"x":-1.4649734497070313,"y":1.3714542388916016,"z":-8.558694839477539},"rotation":{"x":0.2798580527305603,"y":-0.06904512643814087,"z":0.02019476518034935,"w":0.9573662281036377},"size":18.027755737304689,"orthographic":false}