{"cameraMode":{"drawMode":0,"name":"Shaded","section":"Shading Mode"},"sceneLighting":false,"audioPlay":false,"sceneViewState":{"m_AlwaysRefresh":false,"showFog":true,"showSkybox":false,"showFlares":true,"showImageEffects":true,"showParticleSystems":true,"showVisualEffectGraphs":true,"m_FxEnabled":true},"in2DMode":false,"pivot":{"x":-2.1731691360473635,"y":1.8600000143051148,"z":0.1399998664855957},"rotation":{"x":-0.38470083475112917,"y":0.09060153365135193,"z":-0.03800927475094795,"w":-0.9178388714790344},"size":4.764463901519775,"orthographic":false}